{"initial_reset_timestamp": 1592667601.6879516, "timestamps": [1592667607.9402025, 1592667614.2117715, 1592667614.4837022], "episode_lengths": [172, 166, 168], "episode_rewards": [-110.36107346846153, -109.80031151659156, -110.40559840276642], "episode_types": ["t", "t", "t"]}