{"initial_reset_timestamp": 1597570477.6497664, "timestamps": [1597570481.6984274, 1597570485.4360225, 1597570488.9386344], "episode_lengths": [200, 200, 200], "episode_rewards": [-126.90413896400665, -770.3411893994614, -234.76570088523474], "episode_types": ["t", "t", "t"]}