{"initial_reset_timestamp": 1596981862.953575, "timestamps": [1596981867.0974584], "episode_lengths": [200], "episode_rewards": [-1356.0376309434496], "episode_types": ["t"]}