{"initial_reset_timestamp": 1596987940.1284945, "timestamps": [1596987944.5637975], "episode_lengths": [200], "episode_rewards": [-1263.5507586086878], "episode_types": ["t"]}