{"initial_reset_timestamp": 1596724895.286591, "timestamps": [1596724900.7969847], "episode_lengths": [200], "episode_rewards": [-1346.6894463248236], "episode_types": ["t"]}