{"initial_reset_timestamp": 1596982826.2799582, "timestamps": [1596982830.2679255], "episode_lengths": [200], "episode_rewards": [-1104.2534304564565], "episode_types": ["t"]}