{"initial_reset_timestamp": 1597050067.5043664, "timestamps": [1597050071.4995306], "episode_lengths": [200], "episode_rewards": [-1860.7451487410442], "episode_types": ["t"]}