{"initial_reset_timestamp": 1588516108.417723, "timestamps": [1588516109.9251575, 1588516111.2882643, 1588516111.9113948, 1588516112.2142494, 1588516112.5217934, 1588516112.8150914], "episode_lengths": [244, 221, 356, 174, 174, 168], "episode_rewards": [1.0, 1.0, 3.0, 0.0, 0.0, 0.0], "episode_types": ["t", "t", "t", "t", "t", "t", "t"]}