{"initial_reset_timestamp": 1588441754.3497734, "timestamps": [1588441760.627557, 1588441766.9279826, 1588441770.0539732, 1588441775.767973, 1588441779.6899714, 1588441783.8879497, 1588441789.265982, 1588441794.0669465, 1588441800.710973, 1588441810.0769954], "episode_lengths": [197, 319, 168, 323, 222, 212, 276, 261, 359, 475], "episode_rewards": [1.0, 3.0, 0.0, 3.0, 1.0, 1.0, 2.0, 1.0, 3.0, 5.0], "episode_types": ["t", "t", "t", "t", "t", "t", "t", "t", "t", "t"]}