{"initial_reset_timestamp": 1589036139.48249, "timestamps": [1589036140.5566463, 1589036140.6221843, 1589036140.954213, 1589036140.9611928, 1589036140.9741867, 1589036140.9931922, 1589036141.006201, 1589036141.0261772, 1589036141.0362072, 1589036141.04922, 1589036141.0782156, 1589036141.0841765, 1589036141.0932136, 1589036141.109213, 1589036141.11718, 1589036141.1262145, 1589036141.1392176, 1589036141.1481812, 1589036141.1632206, 1589036141.173179, 1589036141.184178, 1589036141.1972167, 1589036141.2061803, 1589036141.2322154, 1589036141.2452188, 1589036141.4908223, 1589036141.5502546, 1589036141.565228, 1589036141.5722282, 1589036141.58823, 1589036141.7413366, 1589036141.8454003, 1589036141.8893566, 1589036141.9403565, 1589036141.9893563, 1589036142.0323548, 1589036142.0923595, 1589036142.1334035, 1589036142.189395, 1589036142.2323923, 1589036142.278392, 1589036142.3263555, 1589036142.3593554, 1589036142.4023576, 1589036142.4424171, 1589036142.482393, 1589036142.5283668, 1589036142.573371, 1589036142.6063564, 1589036142.6443594, 1589036142.9674268, 1589036143.0670118, 1589036143.1124887, 1589036143.1655278, 1589036143.2094858, 1589036143.2574856, 1589036143.2984855, 1589036143.337486, 1589036143.3734868, 1589036143.4104862, 1589036143.4534857, 1589036143.5074859, 1589036143.5475123, 1589036143.5874987, 1589036143.6345067, 1589036143.6804862, 1589036143.7245123, 1589036143.7615125, 1589036143.8124838, 1589036143.855485, 1589036143.8955164, 1589036143.941486, 1589036143.986508, 1589036144.0224867, 1589036144.0804858, 1589036144.333256, 1589036144.4079926, 1589036144.4574294, 1589036144.5085168, 1589036144.5464904, 1589036144.5904913, 1589036144.6394923, 1589036144.6834898, 1589036144.7324905, 1589036144.7964902, 1589036144.83449, 1589036144.8885152, 1589036144.9305162, 1589036144.9854903, 1589036145.0244904, 1589036145.0675197, 1589036145.1085155, 1589036145.1454906, 1589036145.1925168, 1589036145.2455046, 1589036145.288491, 1589036145.3364904, 1589036145.3774903, 1589036145.4174907, 1589036145.4634907, 1589036145.6938496, 1589036145.7746809, 1589036145.8209646, 1589036145.8671463, 1589036145.9101465, 1589036145.9601557, 1589036146.0037673, 1589036146.0397813, 1589036146.0907605, 1589036146.1389842, 1589036146.2074118, 1589036146.2514112, 1589036146.2984095, 1589036146.3424106, 1589036146.39841, 1589036146.4334097, 1589036146.4834092, 1589036146.522437, 1589036146.576409, 1589036146.6184092, 1589036146.6604106, 1589036146.7044091, 1589036146.743409, 1589036146.7854464, 1589036146.8254106, 1589036147.0617428, 1589036147.15049, 1589036147.1967514, 1589036147.253965, 1589036147.3049638, 1589036147.3479652, 1589036147.4064288, 1589036147.4534552, 1589036147.5054286, 1589036147.5504284, 1589036147.602429, 1589036147.6524532, 1589036147.6954286, 1589036147.7404299, 1589036147.7814283, 1589036147.827457, 1589036147.8664284, 1589036147.9024296, 1589036148.0144546, 1589036148.051429, 1589036148.0954552, 1589036148.2084284, 1589036148.2434306, 1589036148.288429, 1589036148.3404279, 1589036148.62015, 1589036148.7950573, 1589036148.8420563, 1589036148.876056, 1589036148.9270627, 1589036148.9730582, 1589036149.0740557, 1589036149.1110942, 1589036149.159058, 1589036149.2000866, 1589036149.2430897, 1589036149.40506, 1589036149.4430578, 1589036149.4840577, 1589036149.530058, 1589036149.5700576, 1589036149.6040578, 1589036149.6530943, 1589036149.7020574, 1589036149.7440562, 1589036149.7840571, 1589036149.9290576, 1589036149.9630575, 1589036150.0190578, 1589036150.1250584, 1589036150.3938468, 1589036150.5148456, 1589036150.5948458, 1589036150.683846, 1589036150.8508458, 1589036151.0338454, 1589036151.0778465, 1589036151.118847, 1589036151.1788456, 1589036151.2128484, 1589036151.266846, 1589036151.3138475, 1589036151.359847, 1589036151.408846, 1589036151.8058443, 1589036151.8488452, 1589036151.8908443, 1589036151.9368484, 1589036151.981844, 1589036152.0228462, 1589036152.0678477, 1589036152.1068618, 1589036152.1548502, 1589036152.1978447, 1589036152.2418444, 1589036152.5936763, 1589036152.942795, 1589036152.9947953, 1589036153.036795, 1589036153.077796, 1589036153.1157954, 1589036153.1628363, 1589036153.2047937, 1589036153.2458239, 1589036153.2928324, 1589036153.331824, 1589036153.380796, 1589036153.43082, 1589036153.4687953, 1589036153.5038235, 1589036154.0257952, 1589036154.0697956, 1589036154.1048234, 1589036154.1597953, 1589036154.1927936, 1589036154.2397962, 1589036154.2807953, 1589036154.3228202, 1589036154.7878225, 1589036154.8327963, 1589036155.1185348, 1589036155.1953065, 1589036155.2383437, 1589036155.2913387, 1589036155.3463085, 1589036155.3853474, 1589036155.440347, 1589036155.4833436, 1589036155.5323431, 1589036155.9503431, 1589036156.3503063, 1589036157.072356, 1589036157.4833083, 1589036157.527342, 1589036158.2063432, 1589036159.4823065, 1589036160.5583057, 1589036161.0343084, 1589036161.8443084, 1589036162.7333083, 1589036163.290342, 1589036163.9713104, 1589036164.6873083, 1589036165.5633085, 1589036166.2553425, 1589036168.0394123, 1589036168.5303028, 1589036168.942303, 1589036169.4263024, 1589036170.223303, 1589036170.5433023, 1589036172.096302, 1589036172.9593024, 1589036173.9623022, 1589036175.0253022, 1589036176.1273026, 1589036176.9403024, 1589036177.7653017, 1589036178.8273025, 1589036180.0773022, 1589036181.3133023, 1589036182.8463025, 1589036184.2063024, 1589036185.1733031, 1589036186.2593017, 1589036187.4823022, 1589036188.953302, 1589036190.1335459, 1589036191.2413025, 1589036192.487302, 1589036199.2820928, 1589036200.9801464, 1589036202.7701466, 1589036204.3091474, 1589036206.1441467, 1589036207.7031474, 1589036208.8171468, 1589036209.735147, 1589036210.723147, 1589036211.6461468, 1589036212.8271468, 1589036213.6721468, 1589036214.611147, 1589036215.5801468, 1589036216.7281463, 1589036217.528147, 1589036218.931147, 1589036220.2621465, 1589036222.1251462, 1589036223.971147, 1589036225.0181468, 1589036226.831147, 1589036227.659146, 1589036228.4791467, 1589036229.5941465, 1589036235.4375985, 1589036236.551616, 1589036237.9266157, 1589036238.987576, 1589036239.7926118, 1589036240.6286154, 1589036241.4286108, 1589036242.2966108, 1589036243.083579, 1589036243.942612, 1589036244.776611, 1589036245.6765761, 1589036246.8106053, 1589036247.656577, 1589036248.4646115, 1589036249.2795763, 1589036250.210578, 1589036250.9405777, 1589036251.818577, 1589036252.5916157, 1589036253.3836045, 1589036254.16858, 1589036256.0186121, 1589036256.832589, 1589036257.629579, 1589036264.1180787, 1589036264.8019915, 1589036265.4009924, 1589036266.0599926, 1589036266.6739926, 1589036267.5739927, 1589036268.939993, 1589036270.0649931, 1589036271.011993, 1589036271.8309927, 1589036273.6909928, 1589036274.750993, 1589036275.7489924, 1589036277.0739925, 1589036277.956993, 1589036279.631992, 1589036280.7399924, 1589036281.6459925, 1589036282.5109923, 1589036283.2599928, 1589036283.9129925, 1589036284.7829924, 1589036285.708993, 1589036286.475993, 1589036287.233993, 1589036295.8470125, 1589036297.729422, 1589036298.6934216, 1589036299.52642, 1589036300.6584516, 1589036301.7464502, 1589036303.0984478, 1589036304.182421, 1589036305.3014483, 1589036306.0964227, 1589036306.7944224, 1589036307.5074208, 1589036308.2594476, 1589036309.2274477, 1589036309.9264472, 1589036311.195423, 1589036313.058432, 1589036314.8824224, 1589036315.6234221, 1589036317.5234666, 1589036319.041772, 1589036319.7947774, 1589036321.787669, 1589036322.6916678, 1589036323.7936943, 1589036327.7201893, 1589036329.6208127, 1589036330.4494958, 1589036331.076427, 1589036331.7273166, 1589036332.414943, 1589036333.1239421, 1589036334.1370957, 1589036335.9156785, 1589036337.438704, 1589036339.6346498, 1589036341.663316, 1589036342.5131092, 1589036344.4361086, 1589036345.1411095, 1589036346.4721067, 1589036347.9511073, 1589036348.4771347, 1589036349.1571085, 1589036350.269109, 1589036350.9961088, 1589036351.953109, 1589036352.499133, 1589036353.2901084, 1589036353.9631083, 1589036357.7538838],