{"initial_reset_timestamp": 1593337284.3285646, "timestamps": [1593337288.4267955, 1593337291.91344, 1593337295.3832521, 1593337298.8715212, 1593337302.3555987], "episode_lengths": [200, 200, 200, 200, 200], "episode_rewards": [-220.52692948369773, -128.1033330765781, -246.73871873653846, -246.1442139388139, -127.54858786023853], "episode_types": ["t", "t", "t", "t", "t"]}