{"initial_reset_timestamp": 1591199379.3038852, "timestamps": [1591199380.534915, 1591199380.9255638, 1591199380.929539, 1591199380.9425805, 1591199380.9475408, 1591199380.958574, 1591199380.9745674, 1591199380.978563, 1591199381.0035322, 1591199381.021532, 1591199381.055569, 1591199381.1115286, 1591199381.1365285, 1591199381.1465247, 1591199381.194563, 1591199381.2975643, 1591199381.3195293, 1591199381.338527, 1591199381.370534, 1591199381.4055355, 1591199381.4425347, 1591199381.7295299, 1591199381.798529, 1591199381.8535717, 1591199381.9365609, 1591199382.4190798, 1591199382.548455, 1591199382.6364806, 1591199382.7814546, 1591199382.8694527, 1591199382.9854522, 1591199383.046482, 1591199383.1124525, 1591199383.1914544, 1591199383.2724729, 1591199383.3254542, 1591199383.3834834, 1591199383.4654543, 1591199383.6094527, 1591199383.6984534, 1591199383.760456, 1591199383.816454, 1591199383.8764815, 1591199383.952453, 1591199384.0044806, 1591199384.064454, 1591199384.1134543, 1591199384.1704547, 1591199384.238484, 1591199384.2984538, 1591199384.6207008, 1591199384.7356944, 1591199384.8246963, 1591199384.8966959, 1591199384.952697, 1591199385.0146945, 1591199385.0836985, 1591199385.1457248, 1591199385.213702, 1591199385.27572, 1591199385.3266928, 1591199385.3856955, 1591199385.4326928, 1591199385.4796953, 1591199385.5626945, 1591199385.6136951, 1591199385.6696947, 1591199385.7307203, 1591199385.7876947, 1591199385.858696, 1591199385.9136944, 1591199385.9706953, 1591199386.0186932, 1591199386.0817206, 1591199386.1436946, 1591199386.405696, 1591199386.5276978, 1591199386.5946982, 1591199386.6596947, 1591199386.7137196, 1591199386.7726974, 1591199386.8476946, 1591199386.8936946, 1591199386.9566936, 1591199387.0137444, 1591199387.0746932, 1591199387.1476953, 1591199387.198695, 1591199387.2597213, 1591199387.317722, 1591199387.3877342, 1591199387.4436932, 1591199387.4936953, 1591199387.5486968, 1591199387.6146965, 1591199387.6777196, 1591199387.7276933, 1591199387.784693, 1591199387.8327203, 1591199387.8936968, 1591199388.1928272, 1591199388.3046901, 1591199388.3706934, 1591199388.4176912, 1591199388.4846911, 1591199388.5386982, 1591199388.6006896, 1591199388.6686912, 1591199388.7266912, 1591199388.7866921, 1591199388.8546903, 1591199388.900695, 1591199388.9746935, 1591199389.0346913, 1591199389.0947213, 1591199389.1606917, 1591199389.2256913, 1591199389.2736924, 1591199389.3326924, 1591199389.3836913, 1591199389.438696, 1591199389.4966917, 1591199389.5506914, 1591199389.619693, 1591199389.6766913, 1591199389.9589255, 1591199390.0733721, 1591199390.1323717, 1591199390.1903865, 1591199390.2484207, 1591199390.302374, 1591199390.3683717, 1591199390.4233735, 1591199390.4813726, 1591199390.549377, 1591199390.6013963, 1591199390.6643715, 1591199390.7123718, 1591199390.7883718, 1591199390.8363874, 1591199390.9083703, 1591199391.0283716, 1591199391.153402, 1591199391.6243994, 1591199391.6983972, 1591199392.1173909, 1591199392.6223717, 1591199393.2793727, 1591199393.8533714, 1591199394.1683986, 1591199407.3059635, 1591199408.4827578, 1591199409.248758, 1591199409.8187573, 1591199411.563758, 1591199412.449758, 1591199413.4917583, 1591199414.4897583, 1591199415.4567583, 1591199416.7587578, 1591199419.1697576, 1591199420.7487583, 1591199421.9587579, 1591199423.2327588, 1591199424.5307577, 1591199426.091757, 1591199428.1037586, 1591199429.9777582, 1591199431.4637582, 1591199433.4187577, 1591199434.463758, 1591199436.0967581, 1591199437.184758, 1591199438.9187582, 1591199439.9877582, 1591199444.7239325, 1591199446.033107, 1591199447.2351062, 1591199448.5631404, 1591199450.91411, 1591199451.9791045, 1591199453.3011065, 1591199454.3551407, 1591199455.3591065, 1591199456.5431066, 1591199457.1131413, 1591199458.1291134, 1591199459.2711136, 1591199460.6441073, 1591199461.6751049, 1591199463.002107, 1591199465.7171066, 1591199467.0041487, 1591199468.140106, 1591199469.3051395, 1591199470.267107, 1591199472.2751057, 1591199473.592104, 1591199475.0221066, 1591199476.1901066, 1591199483.4907832, 1591199484.5884173, 1591199485.6024175, 1591199486.4994333, 1591199487.4274173, 1591199488.6304202, 1591199490.3444479, 1591199491.412454, 1591199492.4874177, 1591199493.629444, 1591199494.9144168, 1591199495.9744155, 1591199496.7884421, 1591199497.6984172, 1591199498.5164173, 1591199499.2994256, 1591199500.1484172, 1591199500.907443, 1591199501.9174433, 1591199503.0774171, 1591199504.493443, 1591199505.7244418, 1591199507.192443, 1591199508.4244633, 1591199509.5792823, 1591199516.8106878, 1591199518.206719, 1591199519.585719, 1591199520.622719, 1591199521.7047188, 1591199522.7377188, 1591199523.8467188, 1591199525.005719, 1591199525.7707188, 1591199526.5797188, 1591199527.2827182, 1591199527.9707181, 1591199528.8497188, 1591199530.2097187, 1591199531.2437189, 1591199532.030719, 1591199532.932719, 1591199533.592719, 1591199534.4547188, 1591199535.386719, 1591199536.5247183, 1591199537.3107188, 1591199538.0337183, 1591199539.043719, 1591199539.7107189, 1591199543.4289403, 1591199544.472922, 1591199545.404901, 1591199546.7479362, 1591199547.9289343, 1591199548.566904, 1591199549.1279027, 1591199549.863903, 1591199550.3929167, 1591199551.090944, 1591199551.7859027, 1591199552.4709027, 1591199553.1419032, 1591199553.7179012, 1591199554.551903, 1591199555.2919023, 1591199556.1319013, 1591199556.6969295, 1591199558.289903, 1591199558.9249027, 1591199559.4849029, 1591199559.8419027, 1591199560.0999374, 1591199560.4909308, 1591199560.9989028, 1591199565.2966254, 1591199565.8979402, 1591199566.8499403, 1591199567.2929394, 1591199568.535939, 1591199568.9760358, 1591199569.3410196, 1591199569.6740193, 1591199570.2999873, 1591199571.2803218, 1591199572.2983198, 1591199573.116038, 1591199573.7260299, 1591199574.4859943, 1591199575.4340293, 1591199576.4659946, 1591199577.536994, 1591199578.5290282, 1591199579.099036, 1591199580.0729928, 1591199582.7231205, 1591199583.9531236, 1591199585.5231192, 1591199586.6351216, 1591199587.4131596, 1591199591.4355824], "episode_lengths": [24, 36, 18, 29, 15, 11, 20, 13, 24, 27, 32, 53, 33, 13, 40, 54, 15, 10, 17, 15, 12, 32, 10, 10, 15, 16, 12, 11, 29, 14, 19, 10, 10, 13, 13, 9, 9, 10, 27, 11, 10, 9, 10, 13, 9, 9, 9, 9, 12, 10, 9, 9, 12, 11, 9, 9, 12, 9, 10, 10, 9, 9, 9, 8, 11, 8, 9, 10, 10, 10, 9, 9, 8, 9, 10, 8, 11, 12, 12, 9, 9, 12, 8, 9, 10, 10, 12, 9, 10, 10, 11, 10, 9, 10, 11, 10, 9, 9, 9, 10, 9, 11, 9, 8, 10, 9, 10, 11, 10, 10, 13, 8, 9, 10, 11, 10, 11, 9, 9, 9, 9, 11, 10, 11, 10, 9, 9, 9, 9, 9, 9, 11, 10, 9, 11, 9, 10, 8, 10, 9, 12, 22, 23, 95, 11, 85, 99, 134, 114, 62, 493, 224, 154, 113, 359, 177, 209, 199, 199, 261, 500, 321, 245, 260, 265, 320, 412, 374, 300, 403, 210, 331, 220, 353, 214, 177, 241, 245, 270, 476, 216, 266, 212, 201, 240, 117, 203, 231, 276, 206, 262, 276, 257, 228, 236, 193, 409, 264, 288, 237, 277, 206, 203, 180, 186, 241, 348, 216, 217, 229, 257, 212, 164, 181, 162, 157, 171, 148, 204, 233, 284, 223, 268, 229, 176, 272, 258, 272, 202, 211, 205, 222, 226, 151, 160, 140, 135, 176, 275, 206, 159, 181, 131, 171, 185, 226, 157, 143, 202, 133, 141, 193, 186, 275, 239, 129, 111, 148, 109, 142, 136, 137, 135, 118, 165, 154, 169, 114, 322, 128, 110, 71, 51, 76, 101, 166, 91, 180, 87, 222, 69, 68, 64, 124, 153, 174, 127, 115, 119, 191, 181, 176, 169, 109, 173, 446, 203, 249, 224, 159, 151],