{"initial_reset_timestamp": 1591200985.4212022, "timestamps": [1591200989.1524684, 1591200989.6369991, 1591200989.66, 1591200989.6709993, 1591200989.6970112, 1591200989.709999, 1591200989.7200017, 1591200989.7459996, 1591200989.7710943, 1591200989.787518, 1591200989.8095257, 1591200989.827516, 1591200989.8705163, 1591200989.88103, 1591200989.9065547, 1591200989.9285486, 1591200989.9435499, 1591200989.969555, 1591200989.9945502, 1591200990.013551, 1591200990.0570762, 1591200990.0911014, 1591200990.1210835, 1591200990.1530805, 1591200990.2006114, 1591200990.2265995, 1591200990.2391331, 1591200990.2461329, 1591200990.2671337, 1591200990.2881377, 1591200990.2991307, 1591200990.3261309, 1591200990.3411312, 1591200990.3591354, 1591200990.593132, 1591200990.672031, 1591200990.7160308, 1591200990.777031, 1591200991.1120298, 1591200991.2220316, 1591200991.2920315, 1591200991.3605473, 1591200991.4355478, 1591200991.5265477, 1591200991.581548, 1591200991.6675475, 1591200991.8565476, 1591200991.9685473, 1591200992.039547, 1591200992.1055489, 1591200992.164548, 1591200992.2265477, 1591200992.3155477, 1591200992.4345493, 1591200992.4975471, 1591200992.5465488, 1591200992.6145477, 1591200992.6645489, 1591200992.7245476, 1591200992.802548, 1591200992.847548, 1591200992.9045496, 1591200992.9645479, 1591200993.023558, 1591200993.088548, 1591200993.150556, 1591200993.209548, 1591200993.2685487, 1591200993.3375509, 1591200993.4125476, 1591200993.46255, 1591200993.5275528, 1591200993.5755484, 1591200993.6505485, 1591200993.7205477, 1591200993.7805476, 1591200993.9005966, 1591200993.962597, 1591200994.052597, 1591200994.1115963, 1591200994.1665962, 1591200994.2425966, 1591200994.3115976, 1591200994.3855965, 1591200994.460597, 1591200994.533598, 1591200994.5955994, 1591200994.6575963, 1591200994.7175972, 1591200994.7725995, 1591200994.818597, 1591200994.889599, 1591200994.9495962, 1591200994.996597, 1591200995.0651124, 1591200995.1306305, 1591200995.1846302, 1591200995.2436318, 1591200995.3156307, 1591200995.3996298, 1591200995.7441866, 1591200995.8713977, 1591200995.9783933, 1591200996.0653934, 1591200996.1223977, 1591200996.1723943, 1591200996.256394, 1591200996.3123937, 1591200996.372394, 1591200996.4223955, 1591200996.4953947, 1591200996.558399, 1591200996.6253943, 1591200996.678408, 1591200996.7393932, 1591200996.8253999, 1591200996.8853939, 1591200996.9503942, 1591200997.0103986, 1591200997.072394, 1591200997.1373944, 1591200997.2013938, 1591200997.2543945, 1591200997.3143945, 1591200997.410394, 1591200997.4803936, 1591200997.5263948, 1591200997.620394, 1591200997.683394, 1591200997.7313948, 1591200997.7893987, 1591200997.850396, 1591200997.9183943, 1591200997.9813933, 1591200998.1233957, 1591200998.1833937, 1591200998.2393937, 1591200998.2863941, 1591200998.331394, 1591200998.3953927, 1591200998.4584079, 1591200998.5193949, 1591200998.6053948, 1591200998.6713934, 1591200998.8153942, 1591200998.9503942, 1591200999.0524044, 1591200999.168655, 1591200999.2641792, 1591200999.451813, 1591200999.5833764, 1591200999.806443, 1591200999.9129887, 1591201000.1439693, 1591201000.2269692, 1591201000.4139698, 1591201000.4839692, 1591201000.6529698, 1591201000.7329698, 1591201000.816971, 1591201000.9729693, 1591201001.0909693, 1591201001.4089694, 1591201001.5329697, 1591201001.663969, 1591201001.7269697, 1591201001.7809687, 1591201001.8399694, 1591201001.979969, 1591201002.0339694, 1591201002.1689696, 1591201002.2819695, 1591201002.3509693, 1591201002.4079707, 1591201002.4714909, 1591201002.96249, 1591201003.6234899, 1591201003.6974895, 1591201003.7504892, 1591201003.8554897, 1591201003.9275007, 1591201005.14949, 1591201005.9584908, 1591201007.64922, 1591201008.8403149, 1591201010.5009747, 1591201011.565974, 1591201012.979485, 1591201014.4604852, 1591201015.3504858, 1591201017.6714852, 1591201019.480485, 1591201020.7554855, 1591201021.7194858, 1591201023.2464855, 1591201024.4314876, 1591201025.3664856, 1591201026.476485, 1591201027.4834857, 1591201028.4184854, 1591201032.5629964, 1591201033.6526241, 1591201034.5806227, 1591201035.3415916, 1591201036.644574, 1591201037.966596, 1591201038.964559, 1591201039.8095572, 1591201040.5825593, 1591201042.1565926, 1591201043.996163, 1591201045.191206, 1591201046.710163, 1591201047.857165, 1591201049.047336, 1591201051.514156, 1591201052.5581927, 1591201053.5071568, 1591201054.7481918, 1591201056.0601566, 1591201057.563155, 1591201059.7411566, 1591201062.1681561, 1591201063.883159, 1591201064.7871568, 1591201066.6471918, 1591201067.641157, 1591201068.8891883, 1591201070.0661566, 1591201071.166155, 1591201072.214158, 1591201073.4951549, 1591201074.6711562, 1591201075.6171908, 1591201076.579192, 1591201077.5201564, 1591201079.7311568, 1591201080.6981883, 1591201082.0231566, 1591201082.9811568, 1591201084.1591573, 1591201085.1321566, 1591201086.0611567, 1591201086.9411566, 1591201087.8921762, 1591201089.0002167, 1591201089.934155, 1591201091.3331566, 1591201092.4371946, 1591201093.9791548, 1591201095.5701568, 1591201096.7191565, 1591201097.622189, 1591201098.8841543, 1591201099.900193, 1591201101.445155, 1591201102.925208, 1591201104.2951558, 1591201105.3611567, 1591201106.1711934, 1591201107.3581567, 1591201108.3261569, 1591201109.119156, 1591201109.9111567, 1591201110.7561567, 1591201111.8451571, 1591201112.941193, 1591201114.1491568, 1591201115.2591567, 1591201116.3701568, 1591201117.6811557, 1591201118.6941931, 1591201119.6011922, 1591201120.4851933, 1591201121.3142087, 1591201122.2151809, 1591201123.2011569, 1591201124.492157, 1591201125.6221924, 1591201126.6431568, 1591201127.922157, 1591201129.2291565, 1591201131.0021915, 1591201132.0191915, 1591201132.934195, 1591201134.2341993, 1591201135.8501568, 1591201137.2221591, 1591201139.069159, 1591201140.0951567, 1591201141.0421572, 1591201141.9681568, 1591201143.125185, 1591201144.150159, 1591201145.2271566, 1591201146.1631966, 1591201147.0631957, 1591201147.9951568, 1591201148.776191, 1591201150.0221846, 1591201156.7302833, 1591201157.7113442, 1591201158.5053458, 1591201159.4083445, 1591201160.2673457, 1591201161.3323455, 1591201162.4453459, 1591201163.5483794, 1591201164.4093459, 1591201165.288346, 1591201166.303711, 1591201167.8517108, 1591201168.9267106, 1591201170.2737105, 1591201171.6377108, 1591201172.447711, 1591201173.203711, 1591201173.892711, 1591201174.6537094, 1591201175.450725, 1591201176.236711, 1591201177.3397098, 1591201178.1067092, 1591201178.856711, 1591201179.9257386, 1591201180.8397107, 1591201181.9447267, 1591201183.7127109, 1591201184.4877107, 1591201185.0647373, 1591201185.84671, 1591201186.5847106, 1591201187.5427108, 1591201188.518711, 1591201189.5617094, 1591201190.981711, 1591201191.7067108, 1591201192.615711, 1591201193.4977376, 1591201194.406711, 1591201195.2727368, 1591201196.0007114, 1591201196.9477115, 1591201197.8237636, 1591201198.2457366, 1591201198.9567091, 1591201199.7107108, 1591201200.7087104, 1591201201.386453, 1591201202.5324533, 1591201203.531453, 1591201204.4094534, 1591201205.4134526, 1591201206.127453, 1591201207.126452, 1591201208.6264532, 1591201209.8794525, 1591201210.5644534, 1591201211.2254534, 1591201211.9574518, 1591201212.5654554, 1591201213.2694528, 1591201214.0114532, 1591201214.7024531, 1591201215.3934524, 1591201216.0784528, 1591201216.7854536, 1591201217.5164533, 1591201217.9084551, 1591201218.1314533, 1591201218.3844533, 1591201218.909452, 1591201219.2404535, 1591201219.5674531, 1591201220.2794518, 1591201221.0634534, 1591201221.7474535, 1591201222.3354518, 1591201223.094453, 1591201224.0034533, 1591201224.8694534, 1591201225.8554552, 1591201226.7784517, 1591201228.7184534, 1591201229.6444528, 1591201230.3874655, 1591201231.3084545, 1591201231.5834582, 1591201231.7914557, 1591201232.1204705, 1591201232.374452, 1591201232.6864555, 1591201232.930452, 1591201233.205454, 1591201233.4444535, 1591201233.6524534, 1591201234.1294537, 1591201234.528453, 1591201235.3264568, 1591201235.7554533, 1591201239.2530193, 1591201240.1320176, 