{"initial_reset_timestamp": 1588160966.9717476, "timestamps": [1588160969.1062486, 1588160970.7844753, 1588160970.8464768, 1588160970.857477, 1588160970.8634763, 1588160970.8934782, 1588160970.9014766, 1588160970.924479, 1588160971.1594799, 1588160971.2214773, 1588160971.2354789, 1588160971.287477, 1588160971.3244765, 1588160971.3584769, 1588160971.3724763, 1588160971.388476, 1588160971.4054766, 1588160971.426477, 1588160971.4374762, 1588160971.4564776, 1588160971.710476, 1588160972.106476, 1588160972.295476, 1588160972.9384763, 1588160973.1554756, 1588160973.8054764, 1588160974.6474764, 1588160975.3082378, 1588160975.8097374, 1588160976.0757802, 1588160976.4547346, 1588160977.0357718, 1588160978.244775, 1588160979.455784, 1588160980.6487722, 1588160981.8817732, 1588160983.1047778, 1588160984.267772, 1588160985.4837723, 1588160986.6697705, 1588160987.8377726, 1588160989.051227, 1588160990.2282803, 1588160991.4182613, 1588160992.6122236, 1588160994.0822477, 1588160995.260226, 1588160996.4802606, 1588160997.6392605, 1588160998.8652582, 1588161000.1132603, 1588161001.332267, 1588161002.5222275, 1588161003.7292252, 1588161004.936265, 1588161006.1372252, 1588161007.3702412, 1588161008.5902731, 1588161009.795258, 1588161010.988264, 1588161012.1852643, 1588161013.4142601, 1588161014.6072254, 1588161015.7982717, 1588161019.9314518, 1588161021.2674212, 1588161022.570402, 1588161023.904434, 1588161025.3856266, 1588161026.7156143, 1588161028.1445239, 1588161029.6598563, 1588161030.9818826, 1588161032.5028582, 1588161033.8076565, 1588161035.0920095, 1588161036.4071097, 1588161037.6761446, 1588161039.0822833, 1588161040.6856763, 1588161042.0687745, 1588161043.2787728, 1588161044.5007744, 1588161045.9567745, 1588161047.4418018, 1588161049.0054784, 1588161050.3144755, 1588161051.477477, 1588161052.7084754, 1588161053.938477, 1588161055.2044768, 1588161056.6044998, 1588161057.8995013, 1588161059.1695037, 1588161060.563477, 1588161061.473554, 1588161062.8964772, 1588161064.1474771, 1588161065.395477, 1588161066.693477, 1588161067.052477, 1588161068.342475, 1588161069.6095033, 1588161070.914477, 1588161071.3055096, 1588161072.879503, 1588161074.3804781, 1588161075.6195014, 1588161076.9675186, 1588161078.3054771, 1588161079.6475298, 1588161080.9024885, 1588161082.1955097, 1588161083.476477, 1588161084.758477, 1588161086.0424788, 1588161087.3404772, 1588161088.4225028, 1588161089.6784756, 1588161090.988477, 1588161092.2835014, 1588161093.651477, 1588161094.9515123, 1588161096.2105045, 1588161097.495502, 1588161101.124912, 1588161102.626988, 1588161104.0709875, 1588161105.3579855, 1588161106.6989865, 1588161108.2049377, 1588161109.5409188, 1588161111.0729067, 1588161112.3818133, 1588161113.7178106, 1588161115.0303483, 1588161116.32336, 1588161117.8659923, 1588161119.2860665, 1588161120.8166094, 1588161122.1205995, 1588161123.4286096, 1588161124.8295832, 1588161126.3099551, 1588161127.7499933, 1588161129.0639539, 1588161130.3439562, 1588161131.645956, 1588161132.9169905, 1588161134.1719553, 1588161135.4829552, 1588161136.6029813, 1588161137.8649654, 1588161139.2289753, 1588161140.5479722, 1588161141.8489554, 1588161143.1449535, 1588161144.4479554, 1588161145.7729533, 1588161147.0629535, 1588161147.9269824, 1588161149.2519815, 1588161150.590955, 1588161151.8999813, 1588161153.226954, 1588161154.1909537, 1588161155.485955, 1588161156.825954, 1588161158.1329553, 1588161159.447975, 1588161160.780982, 1588161162.131982, 1588161163.505956, 1588161164.821984, 1588161166.1749685, 1588161167.5189624, 1588161168.8189535, 1588161170.1919534, 1588161171.5349572, 1588161172.8609536, 1588161174.1889932, 1588161175.5179553, 1588161176.7169552, 1588161178.0579877, 1588161179.4069803, 1588161180.7589552, 1588161182.0919538, 1588161183.409955, 1588161184.7509634, 1588161186.0209553, 1588161187.3750067, 1588161188.731982, 1588161190.0729814, 1588161191.4510016, 1588161192.8239534, 1588161194.2139535, 1588161195.5909553, 1588161196.9399552, 1588161198.318986, 1588161199.6329825, 1588161200.9729552, 1588161202.334953, 1588161203.6879916, 1588161205.028981, 1588161206.4129806, 1588161207.782964, 1588161209.1249554, 1588161210.5129578, 1588161211.8979535, 1588161213.237955, 1588161214.608959, 1588161215.9799538, 1588161217.354982, 1588161218.7149532, 1588161220.0859554, 1588161221.4779823, 1588161225.2779355, 1588161226.7159457, 1588161228.0999722, 1588161229.4749353, 1588161230.8879614, 1588161232.2899692, 1588161233.6929543, 1588161235.073935, 1588161236.4709709, 1588161237.8799615, 1588161239.271949, 1588161240.6809707, 1588161242.0549362, 1588161243.482952, 1588161244.8879714, 1588161246.26497, 1588161247.5349715, 1588161248.939936, 1588161250.3579705, 1588161251.7849357, 1588161253.2179346, 1588161254.616943, 1588161256.0399747, 1588161257.4589725, 1588161258.883936, 1588161260.2929718, 1588161261.7339716, 1588161263.1729686, 1588161264.5419362, 1588161265.463936, 1588161266.2859356, 1588161267.7099361, 1588161269.1359427, 1588161270.5739362], "episode_lengths": [20, 14, 28, 13, 10, 16, 12, 11, 10, 11, 10, 9, 10, 13, 12, 9, 10, 10, 15, 11, 24, 61, 30, 103, 33, 105, 138, 31, 64, 43, 54, 92, 200, 200, 200, 200, 200, 200, 200, 200, 200, 200, 200, 200, 200, 200, 200, 200, 200, 200, 200, 200, 200, 200, 200, 200, 200, 200, 200, 200, 200, 200, 200, 200, 200, 200, 200, 200, 200, 200, 200, 200, 200, 200, 200, 200, 200, 200, 200, 200, 200, 200, 200, 200, 200, 200, 200, 182, 200, 200, 200, 200, 200, 200, 200, 115, 200, 200, 200, 200, 57, 200, 200, 200, 50, 200, 200, 190, 200, 194, 200, 200, 200, 200, 200, 200, 200, 168, 200, 200, 200, 200, 200, 200, 200, 200, 200, 200, 200, 200, 200, 200, 200, 200, 200, 200, 200, 200, 200, 200, 200, 200, 200, 200, 200, 200, 200, 200, 200, 200, 200, 168, 200, 200, 200, 200, 200, 200, 200, 200, 127, 200, 200, 200, 200, 146, 195, 200, 200, 200, 200, 200, 200, 197, 200, 200, 200, 200, 200, 200, 200, 200, 185, 200, 200, 200, 200, 200, 200, 200, 200, 200, 200, 200, 200, 200, 200, 200, 200, 200, 200, 200, 200, 200, 200, 200, 200, 200, 200, 200, 200, 200, 200, 200, 200, 200, 200, 200, 200, 200, 200, 200, 200, 200, 200, 200, 200, 200, 200, 200, 200, 200, 181, 200, 200, 200, 200, 200, 200, 200, 200, 200, 200, 200, 191, 129, 115, 200, 200, 200], "episode_rewards": [20.0, 14.0, 28.0, 13.0, 10.0, 16.0, 12.0, 11.0, 10.0, 11.0, 10.0, 9.0, 10.0, 13.0, 12.0, 9.0, 10.0, 10.0, 15.0, 11.0, 24.0, 61.0, 30.0, 103.0, 33.0, 105.0, 138.0, 31.0, 64.0, 43.0, 54.0, 92.0, 200.0, 200.0, 200.0, 200.0, 200.0, 200.0, 200.0, 200.0, 200.0, 200.0, 200.0, 200.0, 200.0, 200.0, 200.0, 200.0, 200.0, 200.0, 200.0, 200.0, 200.0, 200.0, 200.0, 200.0, 200.0, 200.0, 200.0, 200.0, 200.0, 200.0, 200.0, 200.0, 200.0, 200.0, 200.0, 200.0, 200.0, 200.0, 200.0, 200.0, 200.0, 200.0, 200.0, 200.0, 200.0, 200.0, 200.0, 200.0, 200.0, 200.0, 200.0, 200.0, 200.0, 200.0, 200.0, 182.0, 200.0, 200.0, 200.0, 200.0, 200.0, 200.0, 200.0, 115.0, 200.0, 200.0, 200.0, 200.0, 57.0, 200.0, 200.0, 200.0, 50.0, 200.0, 200.0, 190.0, 200.0, 194.0, 200.0, 200.0, 200.0, 200.0, 200.0, 200.0, 200.0, 168.0, 200.0, 200.0, 200.0, 200.0, 200.0, 200.0, 200.0, 200.0, 200.0, 200.0, 200.0, 200.0, 200.0, 200.0, 200.0, 200.0, 200.0, 200.0, 200.0, 200.0, 200.0, 200.0, 200.0, 200.0, 200.0, 200.0, 200.0, 200.0, 200.0, 200.0, 200.0, 200.0, 200.0, 168.0, 200.0, 200.0, 200.0, 200.0, 200.0, 200.0, 200.0, 200.0, 127.0, 200.0, 200.0, 200.0, 200.0, 146.0, 195.0, 200.0, 200.0, 200.0, 200.0, 200.0, 200.0, 197.0, 200.0, 200.0, 200.0, 200.0, 200.0, 200.0, 200.0, 200.0, 185.0, 200.0, 200.0, 200.0, 200.0, 200.0, 200.0, 200.0, 200.0, 200.0, 200.0, 200.0, 200.0, 200.0, 200.0, 200.0, 200.0, 200.0, 200.0, 200.0, 200.0, 200.0, 200.0, 200.0, 200.0, 200.0, 200.0, 200.0, 200.0, 200.0, 200.0, 200.0, 200.0, 200.0, 200.0, 200.0, 200.0, 200.0, 200.0, 200.0, 200.0, 200.0, 200.0, 200.0, 200.0, 200.0, 200.0, 200.0, 200.0, 200.0, 181.0, 200.0, 200.0, 200.0, 200.0, 200.0, 200.0, 200.0, 200.0, 200.0, 200.0, 200.0, 191.0, 129.0, 115.0, 200.0, 200.0, 200.0],