{"initial_reset_timestamp": 1591194325.4117286, "timestamps": [1591194336.9667628, 1591194344.7598376, 1591194356.266023, 1591194365.1450953, 1591194374.8823998, 1591194382.7857351, 1591194390.356948, 1591194397.5899565, 1591194404.3757842, 1591194414.7892807], "episode_lengths": [1610, 1286, 1894, 1454, 1606, 1296, 1247, 1187, 1122, 1717], "episode_rewards": [103.0, 50.0, 174.0, 81.0, 88.0, 162.0, 70.0, 56.0, 47.0, 163.0], "episode_types": ["t", "t", "t", "t", "t", "t", "t", "t", "t", "t"]}