{"initial_reset_timestamp": 1588608658.70188, "timestamps": [1588608660.6138568, 1588608661.1933227, 1588608661.8323486, 1588608662.6063263, 1588608663.3083243, 1588608663.7803235, 1588608664.296352, 1588608664.8553233, 1588608667.2813506, 1588608668.0133243, 1588608668.6323526, 1588608669.259349, 1588608669.8093238, 1588608670.719349, 1588608671.227354, 1588608671.8393233, 1588608672.404349, 1588608672.8593495, 1588608673.340323, 1588608673.805351, 1588608674.4013493, 1588608674.9143543, 1588608675.9598866, 1588608676.6658866, 1588608677.506887, 1588608677.9778867, 1588608678.6118867, 1588608679.0976214, 1588608679.9306219, 1588608680.4214785, 1588608680.9094772, 1588608681.5206265], "episode_lengths": [240, 166, 188, 233, 205, 137, 150, 164, 214, 217, 184, 183, 161, 276, 147, 178, 164, 130, 136, 133, 175, 149, 312, 208, 248, 134, 181, 136, 246, 141, 137, 177], "episode_rewards": [3.0, 1.0, 1.0, 2.0, 2.0, 0.0, 0.0, 1.0, 2.0, 2.0, 1.0, 1.0, 1.0, 3.0, 0.0, 1.0, 1.0, 0.0, 0.0, 0.0, 1.0, 0.0, 4.0, 2.0, 3.0, 0.0, 1.0, 0.0, 3.0, 0.0, 0.0, 1.0], "episode_types": ["t", "t", "t", "t", "t", "t", "t", "t", "t", "t", "t", "t", "t", "t", "t", "t", "t", "t", "t", "t", "t", "t", "t", "t", "t", "t", "t", "t", "t", "t", "t", "t", "t"]}