{"initial_reset_timestamp": 1592838933.960334, "timestamps": [1592838946.081413, 1592838952.1874132, 1592838958.0923822, 1592838963.2183816, 1592838967.7276452], "episode_lengths": [113, 117, 113, 111, 109], "episode_rewards": [-91.87279848483014, -91.79353391047943, -91.99341665740096, -91.8299992602029, -92.05576561148627], "episode_types": ["t", "t", "t", "t", "t"]}