{"initial_reset_timestamp": 1588755341.0873127, "timestamps": [1588755341.7513463], "episode_lengths": [287], "episode_rewards": [2.0], "episode_types": ["t"]}