{"initial_reset_timestamp": 1602430096.5380955, "timestamps": [1602430131.785002, 1602430144.5659378, 1602430164.4601288, 1602430182.305157, 1602430186.8085444], "episode_lengths": [748, 284, 434, 396, 102], "episode_rewards": [105.00668975417994, -34.52410738543115, 16.132979737122255, -2.3445690516183078, -97.01302935833299], "episode_types": ["t", "t", "t", "t", "t"]}