{"initial_reset_timestamp": 1602353465.4596574, "timestamps": [1602353530.540065, 1602353535.9356854, 1602353599.9513843, 1602353663.8021195, 1602353698.8518832], "episode_lengths": [1106, 93, 1104, 1045, 607], "episode_rewards": [284.95511673192107, -115.09764980777042, 285.72711272273887, 287.62765874982966, 43.401043116465274], "episode_types": ["t", "t", "t", "t", "t"]}