{"initial_reset_timestamp": 1602066604.1269774, "timestamps": [1602066660.0884783, 1602066719.3766387, 1602066774.1395657, 1602066829.1542995, 1602066883.718589], "episode_lengths": [1600, 1600, 1600, 1600, 1600], "episode_rewards": [-43.36090067588252, -42.42702599152795, -39.10281046473554, -53.32877628123641, -49.7016292517973], "episode_types": ["t", "t", "t", "t", "t"]}