{"initial_reset_timestamp": 1591711250.242031, "timestamps": [1591711255.6016588, 1591711261.1352024, 1591711268.8977897, 1591711274.5649903, 1591711283.30379, 1591711289.3582911, 1591711293.5237927, 1591711297.4590127, 1591711306.604027, 1591711314.3189986], "episode_lengths": [699, 706, 1121, 756, 1298, 825, 495, 447, 1385, 1095], "episode_rewards": [265.0, 270.0, 515.0, 280.0, 470.0, 595.0, 185.0, 160.0, 575.0, 435.0], "episode_types": ["t", "t", "t", "t", "t", "t", "t", "t", "t", "t"]}