{"initial_reset_timestamp": 1591497805.1149824, "timestamps": [1591497809.0257106], "episode_lengths": [687], "episode_rewards": [30.0], "episode_types": ["t"]}