{"initial_reset_timestamp": 1591450952.3382883, "timestamps": [1591450956.025862, 1591450964.7546158, 1591450969.1522112], "episode_lengths": [665, 1605, 789], "episode_rewards": [40.0, 145.0, 60.0], "episode_types": ["t", "t", "t"]}