{"initial_reset_timestamp": 1592923990.0565898, "timestamps": [1592923994.4717133, 1592923998.040714, 1592924001.5447662, 1592924005.065892, 1592924008.5683575], "episode_lengths": [200, 200, 200, 200, 200], "episode_rewards": [-973.0465122077198, -1023.9315027031759, -904.7596851748752, -1011.8167101024236, -1009.2329292563719], "episode_types": ["t", "t", "t", "t", "t"]}