{"initial_reset_timestamp": 1589639326.2671487, "timestamps": [1589639345.4114947, 1589639352.8512611, 1589639358.255171, 1589639362.5758495, 1589639366.536104], "episode_lengths": [229, 437, 312, 243, 217], "episode_rewards": [229.0, 437.0, 312.0, 243.0, 217.0], "episode_types": ["t", "t", "t", "t", "t"]}