{"initial_reset_timestamp": 1588995498.4315574, "timestamps": [1588995500.0287292, 1588995500.7464094, 1588995500.8183439, 1588995500.8200228, 1588995500.8220227, 1588995500.8230226, 1588995500.8240228, 1588995500.825023, 1588995501.113099, 1588995501.1668022, 1588995501.168833, 1588995501.1737993, 1588995501.1768265, 1588995501.184839, 1588995501.527797, 1588995501.5298047, 1588995501.5337968, 1588995501.5347977, 1588995501.5368016, 1588995501.5387995, 1588995501.5407984, 1588995501.5417988, 1588995501.542797, 1588995501.5478113, 1588995501.5498016, 1588995501.5517988, 1588995501.552797, 1588995501.8354537, 1588995501.8846846, 1588995501.8896894, 1588995501.8916874, 1588995501.8960948, 1588995501.8970933, 1588995501.902136, 1588995501.9051018, 1588995501.9070973, 1588995501.9091218, 1588995501.912094, 1588995501.9130938, 1588995501.919126, 1588995501.9220958, 1588995501.9240966, 1588995501.9261284, 1588995501.9280934, 1588995501.9290953, 1588995501.9320946, 1588995501.934128, 1588995501.9390953, 1588995501.943097, 1588995501.9451213, 1588995501.9460943, 1588995501.9470942, 1588995501.9501028, 1588995501.956096, 1588995501.9570947, 1588995501.9590995, 1588995501.9610944, 1588995501.9630947, 1588995501.964094, 1588995501.9650948, 1588995501.9721072, 1588995501.9751017, 1588995501.9790971, 1588995501.9830968, 1588995502.2528498, 1588995502.3015742, 1588995502.3065376, 1588995502.3105364, 1588995502.312534, 1588995502.3155365, 1588995502.328537, 1588995502.3305373, 1588995502.3335338, 1588995502.3386035, 1588995502.3416073, 1588995502.3446047, 1588995502.347605, 1588995502.3506396, 1588995502.3556058, 1588995502.3566039, 1588995502.358605, 1588995502.361602, 1588995502.363602, 1588995502.3646019, 1588995502.3686047, 1588995502.3736033, 1588995502.5228832, 1588995502.5768814, 1588995502.6238854, 1588995502.661909, 1588995502.8129194, 1588995502.8788826, 1588995502.913909, 1588995502.960881, 1588995502.9928854, 1588995503.0749092, 1588995503.1409092, 1588995503.2139118, 1588995503.2539084, 1588995503.3039095, 1588995503.4169102, 1588995503.4829247, 1588995503.549911, 1588995503.609909, 1588995503.6939106, 1588995503.7389092, 1588995503.8719075, 1588995504.0159068, 1588995504.1338828, 1588995504.1829069, 1588995504.233881, 1588995504.3339095, 1588995504.3989077, 1588995504.5279086, 1588995504.5768852, 1588995504.682881, 1588995504.7259126, 1588995504.8009088, 1588995504.8459089, 1588995504.946907, 1588995504.9838855, 1588995505.0708826, 1588995505.1469023, 1588995505.200909, 1588995505.2409108, 1588995505.739359, 1588995505.8486264, 1588995505.916914, 1588995506.1058962, 1588995506.1738994, 1588995506.2688694, 1588995506.3308966, 1588995506.3668985, 1588995506.4138677, 1588995506.446909, 1588995506.5418954, 1588995506.6208937, 1588995506.7578952, 1588995506.8118825, 1588995506.8468983, 1588995506.9169152, 1588995507.0238693, 1588995507.0928676, 1588995507.1258967, 1588995507.1968942, 1588995507.2818956, 1588995507.3708677, 1588995507.4928975, 1588995507.5468943, 1588995507.633895, 1588995507.6879013, 1588995507.7828681, 1588995507.8398976, 1588995507.9068692, 1588995507.959899, 1588995508.0288966, 1588995508.1238961, 1588995508.1798959, 1588995508.2359, 1588995508.2768815, 1588995508.3268993, 1588995508.3908696, 1588995508.4238694, 1588995508.4698694, 1588995508.539896, 1588995508.5908976, 1588995508.6478963, 1588995508.7768934, 1588995508.8128738, 1588995508.9118996, 1588995509.0192382, 1588995509.0650554, 1588995509.2590349, 1588995509.31702, 1588995509.4770255, 1588995509.525024, 1588995509.570028, 1588995509.6170173, 1588995509.6620193, 1588995509.7060266, 1588995509.7940238, 1588995509.9160666, 1588995509.9830666, 1588995510.0790167, 1588995510.1310437, 1588995510.182043, 1588995510.2480273, 1588995510.3901136, 1588995510.6121094, 1588995510.6801083, 1588995510.7561362, 1588995510.9051461, 1588995511.0411248, 1588995511.1861503, 1588995511.2521427, 1588995511.3211308, 1588995511.3861156, 1588995511.523698, 1588995511.657643, 1588995511.7066839, 1588995511.762676, 1588995511.86364, 1588995512.0256457, 1588995512.118642, 1588995512.1896758, 1588995512.2396405, 1588995512.3346753, 1588995512.4176416, 1588995512.5086758, 1588995512.5886688, 1588995512.649638, 1588995512.702675, 1588995512.7546694, 1588995512.8196392, 1588995512.982641, 1588995513.2306645, 1588995513.5744245, 1588995513.696344, 1588995513.7983189, 1588995513.861363, 1588995513.9233189, 1588995514.0603454, 1588995514.114319, 1588995514.267324, 1588995514.3963616, 1588995514.4663246, 1588995514.7953236, 1588995514.9333189, 1588995515.105347, 1588995515.34832, 1588995515.435321, 1588995515.560317, 1588995515.6103191, 1588995515.6593235, 1588995515.80032, 1588995515.8803232, 1588995515.9453194, 1588995516.0433545, 1588995516.1023211, 1588995516.232361, 1588995516.3403456, 1588995516.3883514, 1588995516.4733448, 1588995516.5493515, 1588995516.6233196, 1588995516.8623455, 1588995516.9533174, 1588995517.0043368, 1588995517.1323195, 1588995517.1843197, 1588995517.217343, 1588995517.2883368, 1588995517.3993459, 1588995517.4423442, 1588995517.5343451, 1588995517.5793185, 1588995517.6553192, 1588995517.7233183, 1588995517.8263447, 1588995517.9623501, 1588995518.1053474, 1588995518.1663291, 1588995518.2713172, 1588995518.3353202, 1588995518.3973203, 1588995518.5723448, 1588995518.6253467, 1588995518.724344, 1588995518.8423176, 1588995518.8913198, 1588995518.9433348, 1588995519.0123422, 1588995519.086317, 1588995519.1353452, 1588995519.1833222, 1588995519.2233186, 1588995519.2793326, 1588995519.381344, 1588995519.4513187, 1588995519.5433455, 1588995519.6103442, 1588995519.7033193, 1588995519.8053188, 1588995519.861319, 1588995519.9063203, 1588995519.9863195, 1588995520.0343204, 1588995520.0883455, 1588995520.1394935, 1588995520.245194, 1588995520.4061577, 1588995520.5341856, 1588995520.6291835, 1588995520.686159, 1588995520.772188, 1588995520.9021845, 1588995521.0881846, 1588995521.131156, 1588995521.173179, 1588995521.3461826, 1588995521.3961864, 1588995521.464158, 1588995521.5901577, 1588995521.6561902, 1588995521.8091578, 1588995521.849194, 1588995521.9441578, 1588995522.1271853, 1588995522.1901834, 1588995522.2981856, 1588995522.3451827, 1588995522.50317, 1588995522.570185, 1588995522.6151593, 1588995522.6661577, 1588995522.7181666, 1588995522.7891831, 1588995522.8651578, 1588995522.9271586, 1588995523.0291922, 1588995523.148183, 1588995523.2291832, 1588995523.333156, 1588995523.4311578, 1588995523.5281847, 1588995523.6791863, 1588995523.7411578, 1588995523.839186, 1588995523.961158, 1588995524.0351841, 1588995524.1381578, 1588995524.1991868, 1588995524.2631848, 1588995524.320193, 1588995524.3721828, 1588995524.4921844, 1588995524.654183, 1588995524.6981843, 1588995524.784183, 1588995524.925183, 1588995524.9751825, 1588995525.089183, 1588995525.1451907, 1588995525.4135363, 1588995525.5690315, 1588995525.6420074, 1588995525.7300313, 1588995525.800003, 1588995525.842003, 1588995525.9910047],