{"initial_reset_timestamp": 1591617072.1925535, "timestamps": [1591617083.406329, 1591617091.763116, 1591617096.3468564, 1591617105.000355, 1591617113.5523756, 1591617119.0080156, 1591617126.221986, 1591617133.0664299, 1591617137.1643384, 1591617143.203176], "episode_lengths": [1099, 1275, 575, 1341, 1310, 741, 1057, 993, 496, 842], "episode_rewards": [405.0, 485.0, 255.0, 545.0, 570.0, 300.0, 460.0, 680.0, 205.0, 355.0], "episode_types": ["t", "t", "t", "t", "t", "t", "t", "t", "t", "t"]}