{"initial_reset_timestamp": 1592841822.5209868, "timestamps": [1592841830.276161, 1592841834.279916, 1592841838.1826003, 1592841842.3362422, 1592841846.3576417], "episode_lengths": [200, 200, 200, 200, 200], "episode_rewards": [-1604.3791619495075, -1378.7774328141618, -632.7347285494515, -1168.2683357704336, -1037.1541473352327], "episode_types": ["t", "t", "t", "t", "t"]}