{"initial_reset_timestamp": 1592986338.091136, "timestamps": [1592986346.3792567, 1592986349.833182, 1592986353.302273, 1592986356.7542462, 1592986360.208594, 1592986363.6608627, 1592986367.11525, 1592986370.6009016], "episode_lengths": [200, 200, 200, 200, 200, 200, 200, 200], "episode_rewards": [-3.6470091355693097, -231.8787212116378, -295.8760688062154, -340.30674065123316, -240.47219749691942, -122.10289817315658, -128.43899221083296, -229.41786933787054], "episode_types": ["t", "t", "t", "t", "t", "t", "t", "t"]}