{"initial_reset_timestamp": 1588086730.7515888, "timestamps": [1588086731.4056256], "episode_lengths": [207], "episode_rewards": [1.0], "episode_types": ["t"]}