{"initial_reset_timestamp": 1591887355.463943, "timestamps": [1591887356.7012372], "episode_lengths": [240], "episode_rewards": [2.0], "episode_types": ["t"]}