{"initial_reset_timestamp": 1588435518.4859436, "timestamps": [1588435519.7271123], "episode_lengths": [247], "episode_rewards": [2.0], "episode_types": ["t"]}