{"initial_reset_timestamp": 1588254196.8872914, "timestamps": [1588254199.298114, 1588254201.159952, 1588254201.2191424, 1588254201.2291083, 1588254201.237105, 1588254201.2731066, 1588254201.3141081, 1588254201.3991058, 1588254201.726663, 1588254201.7918167, 1588254201.8258429, 1588254201.842815, 1588254201.8758502, 1588254201.9018157, 1588254201.9178607, 1588254201.9298508, 1588254202.1028147, 1588254202.254863, 1588254202.4098532, 1588254202.7288506, 1588254202.8748147, 1588254202.9488163, 1588254203.0458696, 1588254203.1178653, 1588254203.1788142, 1588254203.2518647, 1588254203.3148503, 1588254203.5898142, 1588254203.7116146, 1588254203.7866502, 1588254203.865613, 1588254203.9496117, 1588254204.061648, 1588254204.2566476, 1588254204.476648, 1588254204.9446502, 1588254205.151647, 1588254205.366613, 1588254205.5876124, 1588254205.8986123, 1588254206.3476474, 1588254206.7016494, 1588254207.4236124, 1588254208.7336144, 1588254210.2346475, 1588254210.60565, 1588254210.9666126, 1588254211.2396114, 1588254211.9316125, 1588254212.2866106, 1588254212.7326138, 1588254213.0206127, 1588254213.5956132, 1588254214.1796112, 1588254214.7886539, 1588254215.6316109, 1588254216.0246482, 1588254216.6236475, 1588254217.5886126, 1588254219.1716497, 1588254219.7036123, 1588254220.6006134, 1588254221.0486147, 1588254221.368646, 1588254222.6482768, 1588254224.0062773, 1588254224.3522825, 1588254224.685312, 1588254225.3762045, 1588254225.8251934, 1588254226.7171924, 1588254227.4562075, 1588254227.846178, 1588254229.2321699, 1588254229.9111931, 1588254230.4071925, 1588254231.2261887, 1588254231.6721563, 1588254233.074193, 1588254233.5981576, 1588254234.2401574, 1588254235.0631654, 1588254236.014194, 1588254236.621184, 1588254237.052194, 1588254239.0641932, 1588254241.1451674, 1588254242.5711591, 1588254244.5151908, 1588254246.8131576, 1588254250.3321848, 1588254252.0931835, 1588254254.98216, 1588254258.389193, 1588254262.4511924, 1588254266.4871576, 1588254269.8851564, 1588254273.509162, 1588254277.7591984, 1588254281.3341568, 1588254285.059157, 1588254288.189454, 1588254291.826459, 1588254294.8714542, 1588254298.6144905, 1588254301.8364544, 1588254306.712484, 1588254311.5724893, 1588254316.4694533, 1588254321.2234547, 1588254325.5286078, 1588254328.3626065, 1588254331.8766062, 1588254334.841606, 1588254338.4956055, 1588254341.3156068, 1588254345.236606, 1588254350.043606, 1588254353.9386072, 1588254357.7006147, 1588254362.2876115, 1588254367.0936074, 1588254371.8406093, 1588254376.8046107, 1588254381.3616064, 1588254394.6086097, 1588254398.49761, 1588254402.3686101, 1588254406.7746067, 1588254409.4486072, 1588254413.4156077, 1588254416.3556063, 1588254419.7036068, 1588254422.6236064, 1588254425.2756069, 1588254431.2886062, 1588254436.2326102, 1588254440.309607, 1588254443.3616068, 1588254447.3916097, 1588254452.083607, 1588254457.0086067, 1588254461.0126064, 1588254465.7338881, 1588254469.4216604, 1588254473.2911751, 1588254478.3251567, 1588254482.4631581, 1588254486.858162, 1588254491.8425734, 1588254497.088494, 1588254501.5494933, 1588254506.0605023, 1588254511.4484491, 1588254515.4724445, 1588254519.529445, 1588254524.8414457, 1588254529.2836645, 1588254531.1226642, 1588254535.5456643, 1588254539.4606671, 1588254542.8186636, 1588254547.1776774, 1588254550.2116637, 1588254553.9336684, 1588254559.181663, 1588254563.962666, 1588254567.3636675, 1588254572.0586634, 1588254576.165664, 1588254579.2016647, 1588254584.4415698, 1588254588.042089, 1588254590.8430877, 1588254593.7191684, 1588254598.7964096, 1588254602.6154485, 1588254606.0662658, 1588254610.0300767, 1588254612.949992, 1588254617.1189907, 1588254620.0869906, 1588254620.815991, 1588254623.316995, 1588254624.029, 1588254628.0049927, 1588254631.2109916, 1588254634.8299904, 1588254639.1759918, 1588254642.79099, 1588254645.7499938, 1588254648.6709917, 1588254653.0379932, 1588254657.1199908, 1588254661.513011, 1588254665.9209914, 1588254669.2549915, 1588254672.8800197, 1588254677.3029912, 1588254680.316995, 1588254682.4209905, 1588254684.2639933, 1588254686.9029927, 1588254689.659991, 1588254692.1689923, 1588254694.9250374, 1588254699.1760387, 1588254702.8330371, 1588254707.3100276, 1588254710.7646763, 1588254715.1106532, 1588254719.5406332, 1588254722.4696696, 1588254724.759669, 1588254728.334633, 1588254731.9656692, 1588254739.7746336, 1588254742.2096324, 1588254746.2766674, 1588254748.3106604, 1588254750.9256346, 1588254752.868659, 1588254754.6356597, 1588254756.4586716, 1588254758.9576688, 1588254761.4966688, 1588254763.781682, 1588254766.3726344, 1588254768.670633, 1588254772.2096355, 1588254774.6476598, 1588254776.7746546, 1588254780.5046687, 1588254782.8466322, 1588254784.7956765, 1588254787.7376344, 1588254791.15267, 1588254792.8896692, 1588254794.769669, 1588254797.5596335, 1588254799.2796736, 1588254801.3436728, 1588254803.836638, 1588254805.7566402, 1588254808.5336788, 1588254810.428683, 1588254812.9076805, 1588254814.9496343, 1588254817.0096796, 1588254819.4776313, 1588254821.4996681, 1588254824.5636318, 1588254826.4366848, 1588254828.4816334, 1588254830.5466347, 1588254832.6736348, 1588254834.8416364, 1588254837.6446326, 1588254840.223636, 1588254843.1906357, 1588254845.533634, 1588254848.5636725, 1588254851.4426343, 1588254854.290663, 1588254856.59467, 1588254858.7076716, 1588254861.6686327, 1588254863.986633, 1588254866.4596672, 1588254868.6206331, 1588254870.8926342, 1588254873.278635, 1588254875.501635, 1588254877.6736722, 1588254882.005654, 1588254884.5866315, 1588254887.2396624, 1588254889.8866353, 1588254892.7486367, 1588254895.1836388, 1588254898.717635, 1588254901.1976705, 1588254905.1726348, 1588254907.172672, 1588254909.7596354, 1588254912.078635, 1588254914.015676, 1588254916.618668, 1588254918.629671, 1588254921.3946686, 1588254923.3016343, 1588254925.7856343, 1588254928.3966413, 1588254930.5526717, 1588254932.4856594, 1588254934.7036376, 1588254936.846672, 1588254938.8166625, 1588254940.7326515, 1588254942.7046347, 1588254944.7536738, 1588254946.624633, 1588254948.5576348, 1588254950.5476346, 1588254952.557652, 1588254954.4316614, 1588254956.2316365, 1588254957.9136689, 1588254959.7106662, 1588254961.6006765, 1588254963.6846707, 1588254965.7066684, 1588254967.5406713, 1588254969.3466582, 1588254971.1686387, 1588254973.2946327, 1588254975.1266332, 1588254976.8996346, 1588254978.5956345, 1588254981.2866673, 1588254983.0456412, 1588254985.172655, 1588254987.1676707, 1588254989.3796706, 1588254991.0906625, 1588254992.9296696, 1588254994.828634, 1588254996.7076368, 1588254998.5816698, 1588255000.370635, 1588255002.333664, 1588255004.23767, 1588255006.225634, 1588255007.9066708, 1588255009.8883593, 1588255011.5783935, 1588255013.3623588, 1588255015.2993944, 1588255017.0093603, 1588255018.9023592, 1588255020.863386, 1588255022.424397, 1588255024.1933565, 1588255028.512379, 1588255030.186363, 1588255032.122363, 1588255034.1293614, 1588255036.1243646, 1588255038.3823733, 1588255040.1873782],