{"initial_reset_timestamp": 1601878837.1346948, "timestamps": [1601878843.011984, 1601878847.082032, 1601878851.201998, 1601878855.2559962, 1601878859.0929985], "episode_lengths": [200, 200, 200, 200, 200], "episode_rewards": [-1520.7531792252091, -257.60116323062647, -127.51069578634109, -1517.4655453721289, -243.53124253995404], "episode_types": ["t", "t", "t", "t", "t"]}