{"initial_reset_timestamp": 1593437500.982336, "timestamps": [1593437527.9561331, 1593437553.897141, 1593437579.7027705, 1593437605.442117], "episode_lengths": [758, 767, 763, 757], "episode_rewards": [314.4185329175251, 314.2767466128848, 313.84865369856135, 313.8091494824819], "episode_types": ["t", "t", "t", "t"]}