{"initial_reset_timestamp": 1593361049.9248662, "timestamps": [1593361108.0584273], "episode_lengths": [1600], "episode_rewards": [-4.996112407826591], "episode_types": ["t", "t"]}