{"initial_reset_timestamp": 1591496809.9176724, "timestamps": [1591496820.53339, 1591496828.4595842, 1591496835.0878046, 1591496842.9250185, 1591496849.5782387, 1591496856.1594017, 1591496863.9487374, 1591496870.8427143, 1591496876.2907054, 1591496883.60021], "episode_lengths": [1091, 1251, 1005, 1246, 1021, 994, 1213, 1048, 795, 1135], "episode_rewards": [640.0, 490.0, 640.0, 775.0, 720.0, 495.0, 470.0, 385.0, 370.0, 470.0], "episode_types": ["t", "t", "t", "t", "t", "t", "t", "t", "t", "t"]}