{"initial_reset_timestamp": 1591283160.1840851, "timestamps": [1591283163.8212895], "episode_lengths": [915], "episode_rewards": [0.0], "episode_types": ["t"]}