{"initial_reset_timestamp": 1590422101.9934175, "timestamps": [1590422102.426422, 1590422102.8669186, 1590422103.3298848, 1590422103.7606382, 1590422104.1976335], "episode_lengths": [122, 122, 122, 122, 122], "episode_rewards": [0.0, 0.0, 0.0, 0.0, 0.0], "episode_types": ["t", "t", "t", "t", "t"]}