{"initial_reset_timestamp": 1590946993.8966591, "timestamps": [1590947005.5257013, 1590947013.9811192, 1590947022.4355023, 1590947030.9087067, 1590947039.3565474, 1590947047.8846538, 1590947056.4475381, 1590947064.9769258, 1590947073.369625, 1590947081.9718523], "episode_lengths": [1191, 1191, 1191, 1191, 1191, 1191, 1191, 1191, 1191, 1191], "episode_rewards": [47.0, 47.0, 47.0, 47.0, 47.0, 47.0, 47.0, 47.0, 47.0, 47.0], "episode_types": ["t", "t", "t", "t", "t", "t", "t", "t", "t", "t"]}