{"initial_reset_timestamp": 1589840986.3182077, "timestamps": [1589840993.2658951, 1589841001.0466478, 1589841008.459248, 1589841015.7366564, 1589841024.8356462, 1589841031.6276114, 1589841041.2443724, 1589841050.4113226, 1589841057.8472855, 1589841066.029017], "episode_lengths": [1321, 1486, 1438, 1406, 1759, 1329, 1887, 1778, 1423, 1564], "episode_rewards": [91.0, 68.0, 103.0, 165.0, 189.0, 107.0, 199.0, 157.0, 121.0, 103.0], "episode_types": ["t", "t", "t", "t", "t", "t", "t", "t", "t", "t"]}