{"initial_reset_timestamp": 1589852990.4334164, "timestamps": [1589852999.4807239, 1589853008.7287223, 1589853014.1327217, 1589853022.2937224, 1589853029.0577226, 1589853037.969722, 1589853047.3969483, 1589853056.1509535, 1589853064.5559475, 1589853072.2780857], "episode_lengths": [1437, 1906, 1096, 1664, 1378, 1831, 1845, 1597, 1488, 1376], "episode_rewards": [217.0, 227.0, 64.0, 323.0, 85.0, 270.0, 218.0, 115.0, 89.0, 216.0], "episode_types": ["t", "t", "t", "t", "t", "t", "t", "t", "t", "t"]}