{"initial_reset_timestamp": 1600615555.5397317, "timestamps": [1600615561.0746768, 1600615564.5623314, 1600615568.129965], "episode_lengths": [200, 200, 200], "episode_rewards": [-1503.606565114666, -1372.5977908525967, -1409.4602640694077], "episode_types": ["t", "t", "t"]}