{"initial_reset_timestamp": 1600533809.6070857, "timestamps": [1600533815.7821991, 1600533821.2681935, 1600533825.9130898], "episode_lengths": [200, 200, 200], "episode_rewards": [-1500.4866218072236, -1845.1202308451095, -1187.1603219572562], "episode_types": ["t", "t", "t"]}