{"initial_reset_timestamp": 1601884502.6901724, "timestamps": [1601884508.3615978, 1601884511.930841, 1601884515.4877288, 1601884519.053842, 1601884522.5735126], "episode_lengths": [200, 200, 200, 200, 200], "episode_rewards": [-258.52972080806984, -1502.1021014725484, -1257.6542874807637, -136.69517023262475, -764.9895908195108], "episode_types": ["t", "t", "t", "t", "t"]}