{"initial_reset_timestamp": 1599840773.0025697, "timestamps": [1599840780.359419], "episode_lengths": [200], "episode_rewards": [-1252.7388887976167], "episode_types": ["t"]}