{"initial_reset_timestamp": 1600094271.2498386, "timestamps": [1600094276.7435355, 1600094280.2454944, 1600094283.8818629], "episode_lengths": [200, 200, 200], "episode_rewards": [-995.7243267011903, -1242.555514260195, -1162.6741178505663], "episode_types": ["t", "t", "t"]}