{"initial_reset_timestamp": 1601890167.048938, "timestamps": [1601890171.9206889, 1601890175.5308955, 1601890179.1179118, 1601890182.8210166, 1601890186.3554432], "episode_lengths": [200, 200, 200, 200, 200], "episode_rewards": [-132.64473495992755, -400.42748152787175, -379.2766660798034, -1092.9706636124138, -1011.6969592597039], "episode_types": ["t", "t", "t", "t", "t"]}