{"initial_reset_timestamp": 1588994084.4441793, "timestamps": [1588994085.0596304], "episode_lengths": [13], "episode_rewards": [13.0], "episode_types": ["t"]}