{"initial_reset_timestamp": 1588158560.0899112, "timestamps": [1588158560.661913], "episode_lengths": [10], "episode_rewards": [10.0], "episode_types": ["t"]}